Noise_Level,ROC_AUC
0.01,0.9313274336283186
0.05,0.9499115044247788
0.1,0.9410619469026549
0.2,0.7171681415929204
